channel,engagement,percent_engagement
facebook,4134541935,0.7296971383397272
instagram,1336919980,0.23595036619097812
twitter,163130894,0.02879064921773526
youtube,31514015,0.005561846251559482
