post_type,new_engagement,post_count,avg_engagement
video,2527136522,44314,57027.94877465361
image,9507683485,264654,35924.956679286915
